index	file	url	status
1	guide-image-01.png	https://internal-api-drive-stream.feishu.cn/space/api/box/stream/download/authcode/?code=YzhhNzM1NWYyZTRiNmEzNmRhYmU2MmY4YmVhMzZmMzlfOGZiOTUyMWI4NjlmYWZhODIxNTA4NDc3YmMzODgwNTFfSUQ6NzM3NzM3NzE5NDM0NzIwMDUxNV8xNzgwNDcxNzA1OjE3ODA1NTgxMDVfVjM	ok
2	guide-image-02.png	https://internal-api-drive-stream.feishu.cn/space/api/box/stream/download/authcode/?code=MzY5MWQ4YjAyYmIzYjZlNDE4MmMzYzRiNmNiMjhjZmFfZWQ2NGFlY2MwODJiZTgxMDYxN2JhMTA2YmI5Nzg5YTZfSUQ6NzM3NzM3NzE5NTM1NjA0NTMxNV8xNzgwNDcxNzA1OjE3ODA1NTgxMDVfVjM	ok
3	guide-image-03.png	https://internal-api-drive-stream.feishu.cn/space/api/box/stream/download/authcode/?code=ODYwNGUzNDkxNmU5Yzg1N2E1MzE1MWViOGE4YTZkMDJfNTVmN2RkMDBiMTdlZjAyMzI5NGY1YzA3MzEwNTU4YzhfSUQ6NzM3NzM3NzE5NTY0NTQzNTkwOF8xNzgwNDcxNzA1OjE3ODA1NTgxMDVfVjM	ok
4	guide-image-04.png	https://internal-api-drive-stream.feishu.cn/space/api/box/stream/download/authcode/?code=NzcyYjFiZjA2OGM1MGRjMzEyYmZhMzA0MGZhZDNjYWFfMzNjMDVkMWNlZTM1Y2Y5YzgzNzg2M2Q4ZTFhMmE0NDZfSUQ6NzM3NzM3NzE5NDk1NDU3MTc3OV8xNzgwNDcxNzA1OjE3ODA1NTgxMDVfVjM	ok
5	guide-image-05.png	https://internal-api-drive-stream.feishu.cn/space/api/box/stream/download/authcode/?code=OTUxZTFlNTJkMDg4YWMzZGE3ZDA5MzE1M2RlM2M5NmVfOTM2OWUxMGM0ODlhODE5ZTU4MDU3MTNmMzQ1YWYyMjJfSUQ6NzM3NzM3NzE5NDgwMjc5MDQwM18xNzgwNDcxNzA1OjE3ODA1NTgxMDVfVjM	ok
6	guide-image-06.png	https://internal-api-drive-stream.feishu.cn/space/api/box/stream/download/authcode/?code=N2FkMjIxNGUxOTUyZWZmYmE5ZTg2NGNlZWJiNmUxMzZfM2U4Njk0OGI4ZTlmYWQ3NmU3ZmM5MjI2MDk3MTJiOGRfSUQ6NzM3NzM3NzE5NjAzNjI0MzQ1OV8xNzgwNDcxNzA1OjE3ODA1NTgxMDVfVjM	ok
7	guide-image-07.png	https://internal-api-drive-stream.feishu.cn/space/api/box/stream/download/authcode/?code=MWZiN2MyMTM4ZGY5ZjRhNTBkMTAzNTRlY2M0N2MzMjZfN2U1OTM5YjZmNTc0ZTY2NjJiNWY1Zjc2ZjY0OWFlZmVfSUQ6NzM3NzM3NzE5NTcwNDE4ODkzMl8xNzgwNDcxNzA1OjE3ODA1NTgxMDVfVjM	ok
8	guide-image-08.png	https://internal-api-drive-stream.feishu.cn/space/api/box/stream/download/authcode/?code=MzI4NWRlYzFkMWNiYjNiYjBkMWI1MDJmYTk3M2E5MGJfNjE5OWQzY2E1ZjlhZGMyNDFlMzZlOGE5Nzg3MTk5NDBfSUQ6NzM3NzM3NzE5NjUwMTY0NzM2NF8xNzgwNDcxNzA1OjE3ODA1NTgxMDVfVjM	ok
9	guide-image-09.png	https://internal-api-drive-stream.feishu.cn/space/api/box/stream/download/authcode/?code=OTM0ZTQ3NmRhY2U3MzFmY2IxNjQ2ODM2ZmViMGRlZTZfM2Y1ZjM3ZWViYjZmMjVjZTA0ZTJhYmQ3ZjBhN2Y5YzNfSUQ6NzM3NzM3NzE5NjE5MjE1MzYwNF8xNzgwNDcxNzA1OjE3ODA1NTgxMDVfVjM	ok
10	guide-image-10.png	https://internal-api-drive-stream.feishu.cn/space/api/box/stream/download/authcode/?code=MTM3ZTFiMjUyZmE2OWY3YjcyN2VmMzMxNzgxOTYwOTBfMDExMTg2MjQyMmZmYjJmMTU3NDA3NWNkNjFlMDVjYWVfSUQ6NzM3NzM3NzE5NjM2NjY1OTU4OF8xNzgwNDcxNzA1OjE3ODA1NTgxMDVfVjM	ok
11	guide-image-11.png	https://internal-api-drive-stream.feishu.cn/space/api/box/stream/download/authcode/?code=YWM3MGZlMzQ5OWVjOTdmYzk4ZmQ4ZTI3ZTZkNDk0ZjNfNjJjMjU3MzdhOTdhOTJjN2RkNjUyOTIxNTIxYzk3NDZfSUQ6NzM3NzM3NzE5NjAzNjI1OTg0M18xNzgwNDcxNzA1OjE3ODA1NTgxMDVfVjM	ok
12	guide-image-12.png	https://internal-api-drive-stream.feishu.cn/space/api/box/stream/download/authcode/?code=MDU5ODYzNjQ5NDgyY2ZlM2I2Y2NmOTA4MWE0Y2E1ZDhfM2M3YzhkODk2ZjQyNjk2MDQxOGYyOTY0ZDZjNzdjNjVfSUQ6NzM3NzM3NzE5MzM1NTcyMjc1NV8xNzgwNDcxNzA1OjE3ODA1NTgxMDVfVjM	ok
13	guide-image-13.png	https://internal-api-drive-stream.feishu.cn/space/api/box/stream/download/authcode/?code=Njc5ZDNkODgyZDUxMjIxMzQxZjM2NGFhNTFiNzY0ODNfZDgyYWEzZTRmZDA4N2MzYmFmNTllMWExOTkxZmEyM2JfSUQ6NzM3NzM3NzE5NTUwOTU2MzM5NV8xNzgwNDcxNzA1OjE3ODA1NTgxMDVfVjM	ok
14	guide-image-14.png	https://internal-api-drive-stream.feishu.cn/space/api/box/stream/download/authcode/?code=OTNkMDVjMzgyYTRmY2FkMmU4ZDJiYjA0MDdjNjQzMWZfM2ZiZDQxZDQ2NTc1NTUxNWRjMTM3YTYxMjc4NWFjMGZfSUQ6NzM3NzM3NzE5NDA2MDMwMDI5Ml8xNzgwNDcxNzA1OjE3ODA1NTgxMDVfVjM	ok
15	guide-image-15.png	https://internal-api-drive-stream.feishu.cn/space/api/box/stream/download/authcode/?code=NmZkNTFmODlhNTM2NzY1ZDg4YWFkZTU5OTEwYzc3NDBfODMxYTFiMjJlMTVlZDVjMmQyYzcwNzFkNzU4YjNkODVfSUQ6NzM3NzM3NzE5MzQ0NDM5Mjk2M18xNzgwNDcxNzA1OjE3ODA1NTgxMDVfVjM	ok
16	guide-image-16.png	https://internal-api-drive-stream.feishu.cn/space/api/box/stream/download/authcode/?code=YWMwM2Q5OTY0ZWNiMTFlMWU1ZWIwNzAzOTE2YTZmYzFfODJmYTk5NDE5OGViYWU2MTc0MTc1MGNmMTI1NWJkZDlfSUQ6NzM3NzM3NzE5NTk4MDk4MDIyOF8xNzgwNDcxNzA1OjE3ODA1NTgxMDVfVjM	ok
17	guide-image-17.png	https://internal-api-drive-stream.feishu.cn/space/api/box/stream/download/authcode/?code=NGY5ODhiZmVjNjUzZWI4ZTYzNmViMGJiNmYxNTNlMDdfNjY5MTM3M2EyNjI3OGVkYTE5ODRkMTUxNmJjYTJkYjZfSUQ6NzM3NzM3NzE5NDIxOTU4NTUzOV8xNzgwNDcxNzA1OjE3ODA1NTgxMDVfVjM	ok
18	guide-image-18.png	https://internal-api-drive-stream.feishu.cn/space/api/box/stream/download/authcode/?code=MzE2ZmY3ZGMxMjVhNWEwZWI5YzM4MmIwYmZjMjMzN2JfZjgzNzI3N2E5N2NmZDZmODM2YmZjNTJlYWU2ZTA1NDRfSUQ6NzM3NzM3NzE5NDk5Mzc0NTkyM18xNzgwNDcxNzA1OjE3ODA1NTgxMDVfVjM	ok
19	guide-image-19.png	https://internal-api-drive-stream.feishu.cn/space/api/box/stream/download/authcode/?code=ODE5OWM2MzU0YjA5ZDM2MmU5NDBjYTc5MDEzNTk4NDdfN2YwYjhkYWVlOTk3YThhZDk1MzYzOTlmZjIwYzUwYTdfSUQ6NzM3NzM3NzE5NzIzMDg5OTIwM18xNzgwNDcxNzA1OjE3ODA1NTgxMDVfVjM	ok
20	guide-image-20.png	https://internal-api-drive-stream.feishu.cn/space/api/box/stream/download/authcode/?code=Yzc1ZTk5N2Y5ZjA3YjYyZWY0MjcyNzNkYWYxZGRjM2RfYThjMWMwOWYyY2FiODBhYjQ4MTk4YzI1OTc1OTQ2NTJfSUQ6NzM3NzM3NzE5NTcyNjg5NzE1NV8xNzgwNDcxNzA1OjE3ODA1NTgxMDVfVjM	ok
